song_id,title,artist,genre,mood
s1,Expanded system-worthy neural-net,Nicholas Wiggins,Jazz,Happy
s2,Mandatory regional algorithm,Mark Mata,Hip-Hop,Sad
s3,Secured intangible Internet solution,Joshua Donaldson,Hip-Hop,Sad
s4,Enhanced secondary system engine,Michael Palmer,Hip-Hop,Sad
s5,Customizable user-facing intranet,Phillip Acosta,Hip-Hop,Energetic
s6,Automated 24hour protocol,Debra Rodriguez,Jazz,Sad
s7,Polarized actuating parallelism,Frank Gonzalez,Hip-Hop,Chill
s8,Synchronized intangible access,Jill Livingston,Hip-Hop,Chill
s9,Enhanced intangible pricing structure,James Lee,Pop,Happy
s10,Horizontal exuding encryption,Alvin Castro,Hip-Hop,Energetic
s11,Organized disintermediate policy,Lance Williams,Pop,Energetic
s12,Advanced cohesive time-frame,Hayden Dixon,Rock,Happy
s13,Multi-tiered static capacity,Christopher Ward,Pop,Energetic
s14,Automated dynamic knowledge user,Heather Bradley,Rock,Energetic
s15,Upgradable multi-tasking superstructure,Vernon Martinez,Classical,Sad
s16,Cloned leadingedge software,Kathy Reese,Rock,Energetic
s17,Focused full-range success,Sarah Hudson,Classical,Happy
s18,Function-based bottom-line extranet,Juan Willis,Jazz,Energetic
s19,Streamlined empowering core,Wayne Madden,Pop,Chill
s20,Future-proofed zero-defect extranet,Anthony Mitchell,Pop,Sad
s21,Focused national ability,Emma Martin,Jazz,Chill
s22,User-centric object-oriented capacity,Lucas Nunez,Jazz,Chill
s23,Public-key dedicated system engine,Christina Martin,Pop,Energetic
s24,Compatible global time-frame,Steven Banks,Classical,Chill
s25,Cross-platform radical conglomeration,Kathryn Ford MD,Pop,Sad
s26,Digitized asynchronous array,Robert Davis,Hip-Hop,Happy
s27,Seamless actuating array,Connor Gomez,Jazz,Sad
s28,Inverse neutral implementation,Cesar Williams,Jazz,Sad
s29,Digitized analyzing groupware,Joel Pennington,Hip-Hop,Sad
s30,Cloned intangible solution,Brian Owens,Hip-Hop,Happy
s31,Distributed optimal Internet solution,Alan Martin,Jazz,Energetic
s32,Centralized web-enabled superstructure,Lisa Perez,Classical,Chill
s33,Organized methodical website,Donna Davis,Rock,Happy
s34,Managed fault-tolerant intranet,Emily Jones,Rock,Sad
s35,User-centric real-time Graphic Interface,Julie Livingston,Hip-Hop,Energetic
s36,Vision-oriented global secured line,Penny Thompson,Hip-Hop,Happy
s37,Synergistic coherent conglomeration,Jeremy Lee,Hip-Hop,Happy
s38,Adaptive secondary methodology,William Ellis,Hip-Hop,Happy
s39,Future-proofed global product,Sherry Dean,Jazz,Sad
s40,Distributed maximized array,Amanda Allen,Pop,Energetic
s41,Balanced maximized protocol,Brett Torres,Rock,Happy
s42,Customer-focused context-sensitive alliance,Brad Martin,Hip-Hop,Energetic
s43,Fundamental bandwidth-monitored projection,Alejandro Nguyen,Rock,Chill
s44,Business-focused needs-based info-mediaries,Robert Higgins,Pop,Happy
s45,Up-sized grid-enabled moratorium,Monique Copeland,Hip-Hop,Sad
s46,Managed user-facing ability,Travis Martinez,Hip-Hop,Sad
s47,Team-oriented optimal emulation,Daniel Norris,Rock,Chill
s48,Upgradable optimizing capacity,Amber Patterson,Jazz,Chill
s49,Managed encompassing installation,Denise Elliott,Pop,Chill
s50,Implemented directional parallelism,Bethany Sanchez,Jazz,Chill
s51,Organized foreground installation,Sarah Harrison,Rock,Happy
s52,Synchronized eco-centric workforce,Toni Cunningham,Classical,Sad
s53,Universal methodical paradigm,Steven Porter,Classical,Happy
s54,Optional mission-critical conglomeration,Susan Wilson,Jazz,Happy
s55,Realigned 4thgeneration definition,Anna Thompson,Pop,Energetic
s56,Reverse-engineered multimedia archive,Joshua Jenkins,Classical,Sad
s57,Business-focused analyzing methodology,Christopher Bowen,Jazz,Energetic
s58,Digitized 4thgeneration concept,Andrea Cole,Hip-Hop,Happy
s59,Customer-focused 6thgeneration architecture,Nicole Reed,Rock,Energetic
s60,Face-to-face national interface,Jamie Carpenter,Jazz,Happy
s61,Diverse zero administration portal,Misty Johnson,Pop,Chill
s62,Cross-group non-volatile definition,Tyler Griffith,Rock,Energetic
s63,Profound grid-enabled moratorium,Amber Robertson,Rock,Sad
s64,Multi-layered multi-tasking website,Deborah Spencer,Pop,Chill
s65,Synchronized empowering utilization,William Yang,Hip-Hop,Happy
s66,Versatile cohesive ability,Kimberly Anderson,Hip-Hop,Happy
s67,Programmable analyzing matrix,Beth Williams,Rock,Happy
s68,Centralized bifurcated utilization,Briana Crosby,Pop,Sad
s69,Multi-lateral local standardization,Brian Roberson,Rock,Happy
s70,Robust zero-defect Local Area Network,David Soto,Jazz,Chill
s71,Quality-focused actuating middleware,Debra Brown,Jazz,Chill
s72,Multi-tiered fresh-thinking secured line,Donna Villa,Jazz,Energetic
s73,Streamlined multi-tasking solution,Holly Brewer,Pop,Energetic
s74,Distributed encompassing process improvement,Ashley Clements,Classical,Energetic
s75,Compatible high-level paradigm,Timothy Donovan,Classical,Energetic
s76,Robust systematic artificial intelligence,Christina Quinn,Rock,Energetic
s77,Innovative optimizing contingency,Richard Rush,Jazz,Sad
s78,Enterprise-wide actuating collaboration,Dustin Marshall,Hip-Hop,Chill
s79,Cloned coherent paradigm,Yvonne Graham,Hip-Hop,Energetic
s80,Programmable 6thgeneration frame,Tina Johnson,Pop,Sad
s81,Open-source transitional customer loyalty,Tamara Butler,Jazz,Happy
s82,Object-based content-based contingency,Lisa Kidd,Classical,Chill
s83,Stand-alone empowering intranet,Wyatt Jones,Pop,Energetic
s84,Pre-emptive dynamic utilization,Benjamin Rodriguez,Classical,Sad
s85,Public-key didactic circuit,Kayla Brown,Pop,Sad
s86,Extended content-based pricing structure,Timothy Cabrera,Pop,Sad
s87,Balanced needs-based policy,David Peterson,Jazz,Chill
s88,De-engineered maximized data-warehouse,Richard Bonilla,Jazz,Happy
s89,Quality-focused even-keeled portal,Jay Wright,Classical,Happy
s90,Realigned stable time-frame,Jesse Martin,Pop,Happy
s91,Reactive regional toolset,Katherine Rodriguez,Jazz,Sad
s92,Total high-level knowledge user,Sarah Giles,Jazz,Energetic
s93,Business-focused actuating migration,Tanner Ross,Classical,Sad
s94,Object-based disintermediate collaboration,Connie Smith,Classical,Chill
s95,Function-based regional moratorium,Kimberly Mcdonald,Hip-Hop,Energetic
s96,Intuitive context-sensitive infrastructure,Anthony Henry,Pop,Energetic
s97,Visionary systemic firmware,Victor Washington,Rock,Sad
s98,Centralized fault-tolerant architecture,Tyler Cannon,Hip-Hop,Chill
s99,Fundamental 24/7 customer loyalty,Jennifer Griffin,Jazz,Happy
s100,Cross-platform zero administration website,Brenda Buck,Rock,Chill
